mediaId,postId,url,mimeType,width,height,sizeBytes,order
m-fb0798ec,p-75810bd0,https://example.com/media/m-fb0798ec.jpg,image/jpeg,640,669,733414,1
m-a12023c5,p-75810bd0,https://example.com/media/m-a12023c5.jpg,image/jpeg,640,657,309295,2
m-96fb5998,p-3f8c6587,https://example.com/media/m-96fb5998.jpg,image/jpeg,720,594,318690,1
m-7d744321,p-2b26b0c0,https://example.com/media/m-7d744321.jpg,image/jpeg,720,665,170096,1
m-a3e6c4ed,p-446ddbd2,https://example.com/media/m-a3e6c4ed.jpg,image/jpeg,720,846,163349,1
m-44dc431d,p-512bbf49,https://example.com/media/m-44dc431d.jpg,image/jpeg,1080,975,443537,1
m-cff37e8d,p-b64fdf0c,https://example.com/media/m-cff37e8d.jpg,image/jpeg,720,398,774161,1
m-45d883de,p-db7211f5,https://example.com/media/m-45d883de.jpg,image/jpeg,720,411,366232,1
m-9b2f1ef1,p-83fd20ff,https://example.com/media/m-9b2f1ef1.jpg,image/jpeg,640,676,643423,1
m-bd70d699,p-743e8073,https://example.com/media/m-bd70d699.jpg,image/jpeg,1080,942,743655,1
m-d73e1caa,p-0acb68ce,https://example.com/media/m-d73e1caa.jpg,image/jpeg,1080,549,490463,1
m-10447b4f,p-e49d7207,https://example.com/media/m-10447b4f.jpg,image/jpeg,640,514,429781,1
m-80f60b0a,p-d35f7ecf,https://example.com/media/m-80f60b0a.jpg,image/jpeg,2048,2037,506641,1
m-51444c56,p-25ad5674,https://example.com/media/m-51444c56.jpg,image/jpeg,1080,1005,614315,1
m-0b269753,p-a0652f96,https://example.com/media/m-0b269753.jpg,image/jpeg,2048,1648,671254,1
m-dc4565fe,p-f5e7bb13,https://example.com/media/m-dc4565fe.jpg,image/jpeg,720,778,140872,1
m-e625dc46,p-83165cf0,https://example.com/media/m-e625dc46.jpg,image/jpeg,2048,1373,537282,1
m-2355c920,p-7808dd0a,https://example.com/media/m-2355c920.jpg,image/jpeg,2048,1506,568317,1
m-5479a9a7,p-05ad9e76,https://example.com/media/m-5479a9a7.jpg,image/jpeg,720,605,422060,1
m-5c71da2d,p-70663ac0,https://example.com/media/m-5c71da2d.jpg,image/jpeg,1080,751,675113,1
m-fde6f707,p-897fd637,https://example.com/media/m-fde6f707.jpg,image/jpeg,1080,960,591722,1
m-ac4d1619,p-7917a014,https://example.com/media/m-ac4d1619.jpg,image/jpeg,720,722,562311,1
m-aa5de0bb,p-7917a014,https://example.com/media/m-aa5de0bb.jpg,image/jpeg,720,708,727278,2
m-9413dffb,p-f8624ff4,https://example.com/media/m-9413dffb.jpg,image/jpeg,2048,2160,147573,1
m-272a565b,p-41e66b19,https://example.com/media/m-272a565b.jpg,image/jpeg,2048,2015,371080,1
m-f94708f1,p-f4560253,https://example.com/media/m-f94708f1.jpg,image/jpeg,1080,897,606711,1
m-bf512473,p-4aca1377,https://example.com/media/m-bf512473.jpg,image/jpeg,1080,805,525786,1
m-1ac03425,p-25d2b0e9,https://example.com/media/m-1ac03425.jpg,image/jpeg,1080,714,251939,1
m-5311dba1,p-23429c6a,https://example.com/media/m-5311dba1.jpg,image/jpeg,720,456,557719,1
m-4bc493f2,p-40a8cf61,https://example.com/media/m-4bc493f2.jpg,image/jpeg,1080,1281,253547,1
m-f1f833fa,p-4d9be3b4,https://example.com/media/m-f1f833fa.jpg,image/jpeg,1080,675,64835,1
m-6d0c394b,p-0a4e3263,https://example.com/media/m-6d0c394b.jpg,image/jpeg,720,498,107174,1
m-ff86c3d4,p-09f86659,https://example.com/media/m-ff86c3d4.jpg,image/jpeg,720,681,564723,1
m-3895b847,p-0b97f38a,https://example.com/media/m-3895b847.jpg,image/jpeg,2048,1655,243319,1
m-ecdcf391,p-a799841a,https://example.com/media/m-ecdcf391.jpg,image/jpeg,2048,1187,118517,1
m-557b4855,p-a799841a,https://example.com/media/m-557b4855.jpg,image/jpeg,2048,1728,655050,2
m-797504f7,p-a799841a,https://example.com/media/m-797504f7.jpg,image/jpeg,640,387,640180,3
m-a8076b63,p-663a2807,https://example.com/media/m-a8076b63.jpg,image/jpeg,720,419,486390,1
m-31765f48,p-663a2807,https://example.com/media/m-31765f48.jpg,image/jpeg,720,750,448855,2
m-6d6d9931,p-11c7e70d,https://example.com/media/m-6d6d9931.jpg,image/jpeg,2048,1450,667113,1
m-7d18d889,p-e0000420,https://example.com/media/m-7d18d889.jpg,image/jpeg,640,593,154053,1
m-da4498c3,p-e0000420,https://example.com/media/m-da4498c3.jpg,image/jpeg,720,675,327501,2
m-1f9dcc8a,p-e0000420,https://example.com/media/m-1f9dcc8a.jpg,image/jpeg,640,390,232256,3
m-2bd253bb,p-54c8a179,https://example.com/media/m-2bd253bb.jpg,image/jpeg,720,361,522387,1
m-d70212f5,p-81e3103a,https://example.com/media/m-d70212f5.jpg,image/jpeg,2048,1441,292720,1
m-77dcd56f,p-ba35cf2c,https://example.com/media/m-77dcd56f.jpg,image/jpeg,1080,1071,526086,1
m-cebacfa2,p-896e3d17,https://example.com/media/m-cebacfa2.jpg,image/jpeg,1080,1135,705420,1
m-52c57703,p-7eff8745,https://example.com/media/m-52c57703.jpg,image/jpeg,720,574,621015,1
m-1a5c6143,p-ff85d742,https://example.com/media/m-1a5c6143.jpg,image/jpeg,720,817,199145,1
